{"cameraMode":{"drawMode":0,"name":"Shaded","section":"Shading Mode"},"sceneLighting":true,"audioPlay":false,"sceneViewState":{"m_AlwaysRefresh":false,"showFog":true,"showSkybox":true,"showFlares":true,"showImageEffects":true,"showParticleSystems":true,"showVisualEffectGraphs":true,"m_FxEnabled":true},"in2DMode":false,"pivot":{"x":401.00146484375,"y":226.7493133544922,"z":6.941009521484375},"rotation":{"x":-0.034802310168743137,"y":-0.0009025528561323881,"z":0.00003149050462525338,"w":-0.999393105506897},"size":256.4608459472656,"orthographic":true}